{"cameraMode":{"drawMode":0,"name":"Shaded","section":"Shading Mode"},"sceneLighting":false,"audioPlay":false,"sceneViewState":{"m_AlwaysRefresh":false,"showFog":true,"showSkybox":false,"showFlares":true,"showImageEffects":true,"showParticleSystems":true,"showVisualEffectGraphs":true,"m_FxEnabled":true},"in2DMode":false,"pivot":{"x":-1.0749340057373047,"y":2.1581969261169435,"z":90.82792663574219},"rotation":{"x":0.017998211085796357,"y":0.005999786779284477,"z":-0.00011033204646082595,"w":0.999822199344635},"size":9.259854316711426,"orthographic":false}