{"cameraMode":{"drawMode":0,"name":"Shaded","section":"Shading Mode"},"sceneLighting":true,"audioPlay":false,"sceneViewState":{"m_AlwaysRefresh":false,"showFog":true,"showSkybox":true,"showFlares":true,"showImageEffects":true,"showParticleSystems":true,"showVisualEffectGraphs":true,"m_FxEnabled":true},"in2DMode":false,"pivot":{"x":-2.0171895027160646,"y":2.6791110038757326,"z":3.7825846672058107},"rotation":{"x":-0.1642833650112152,"y":0.06126915663480759,"z":-0.009958717972040177,"w":-0.984634518623352},"size":6.143784046173096,"orthographic":false}