{"cameraMode":{"drawMode":0,"name":"Shaded","section":"Shading Mode"},"sceneLighting":false,"audioPlay":false,"sceneViewState":{"m_AlwaysRefresh":false,"showFog":true,"showSkybox":false,"showFlares":true,"showImageEffects":true,"showParticleSystems":true,"showVisualEffectGraphs":true,"m_FxEnabled":true},"in2DMode":false,"pivot":{"x":1060.6871337890625,"y":440.586181640625,"z":-7.612003326416016},"rotation":{"x":0.06684477627277374,"y":0.011972981505095959,"z":-0.0008033336489461362,"w":0.9977014064788818},"size":725.901611328125,"orthographic":true}